word,hint
apple,A popular fruit
chair,A piece of furniture to sit on
table,Used for dining or working
laptop,A portable computer
python,A programming language
guitar,A stringed musical instrument
school,A place for learning
doctor,A medical professional
bridge,A structure over water
butter,Used for cooking and spreading
engine,Powers vehicles
garden,A place to grow plants
hammer,A tool used for nails
jigsaw,A type of puzzle
kettle,Used to boil water
lawyer,A legal professional
museum,Displays historical artifacts
notebook,Used for writing notes
oxygen,Essential for breathing
pencil,Used for writing and drawing
rocket,Travels to space
shelter,Provides protection
theater,A place to watch plays
umbrella,Protects from rain
violin,A stringed musical instrument
window,Allows light into rooms
zombie,A fictional undead creature
battery,Powers electronic devices
cactus,A desert plant
diamond,A precious gemstone
factory,Manufacturing place
glacier,A large ice mass
highway,A major road
insect,A small six-legged creature
jungle,A dense forest
kitchen,A place to cook
lantern,Used for lighting
marbles,Small glass balls for play
network,Connected computers
octopus,A sea creature with eight arms
peacock,A colorful bird
quartz,A mineral used in watches
robotic,Related to robots
stadium,A place for sports
tornado,A violent windstorm
village,A small settlement
warrior,A skilled fighter
yogurt,A dairy product
zephyr,A gentle breeze
avocado,A green fruit
balloon,Filled with air or gas
compass,Used for navigation
disco,A dance party
elephant,A large mammal
fountain,Sprays water upwards
gorilla,A large primate
harvest,Collecting crops
illusion,A false perception
jewelry,Decorative adornments
koala,An Australian marsupial
lighthouse,Guides ships at sea
mosquito,A biting insect
nightmare,A bad dream
obelisk,A tall stone monument
penguin,A flightless bird
quest,A long journey for something
rainbow,A colorful arc in the sky
sandwich,A food with filling
telescope,Used to see stars
underwear,Worn under clothing
volcano,Erupts molten rock
whisper,Speaking softly
xylophone,A musical instrument
yawning,Done when tired
zeppelin,An airship
archery,A sport with a bow
basketball,A sport with hoops
chocolate,A sweet treat
drizzle,Light rain
exercise,Physical activity
festival,A celebration event
galaxy,A collection of stars
headache,Pain in the head
iceberg,A floating mass of ice
jockey,A horse rider
kangaroo,A jumping marsupial
laughter,Expression of joy
mountain,A large landform
necklace,A jewelry piece
orchestra,A group of musicians
parrot,A talking bird
quiver,A case for arrows
reindeer,A Christmas animal
snowflake,A unique ice crystal
tiger,A striped wild cat
umbrella,Used in the rain
voyager,A traveler
wizard,A magic user
xenon,A noble gas
yesterday,The day before today
zeppelin,A type of airship
anchor,A heavy object used to keep boats in place
bakery,A place where bread and cakes are made
candle,Produces light when burned
desert,A dry sandy area
engineer,Designs and builds things
flamingo,A pink bird that stands on one leg
giraffe,An animal with a long neck
horizon,Where the sky meets the land or sea
island,A piece of land surrounded by water
jigsaw,A tool used for cutting wood
keyboard,Used for typing on a computer
landscape,Scenery of nature
magnet,Attracts metals
nightingale,A singing bird
oatmeal,A healthy breakfast food
postcard,A small card sent by mail
quicksand,Swallows objects and people
raincoat,Worn to stay dry in rain
satellite,Orbits the Earth
treasure,Valuable hidden items
universe,All of space and time
vacuum,Used for cleaning floors
waterfall,A stream of water falling from a height
yellowish,A color similar to yellow
amethyst,A purple gemstone
ballerina,A female ballet dancer
cabbage,A green leafy vegetable
dragonfly,A fast-flying insect
emerald,A green gemstone
fireplace,Used to keep a room warm
gazelle,A fast-running animal
hamburger,A popular fast food item
illusionist,A magician
jukebox,A machine that plays music
koalas,An Australian tree-dwelling animal
lightbulb,Invented by Thomas Edison
meadow,A grassy field
narwhal,A whale with a long tusk
ostrich,A large flightless bird
penguins,Live in cold climates
quarantine,Isolation to prevent disease spread
rhinoceros,A thick-skinned animal with a horn
snowstorm,Heavy snowfall
tangerine,An orange fruit
umbrella,Protects against the rain
volleyball,A sport played with a net
walrus,A large marine mammal
yodeling,A type of singing
zeppelin,An old type of airship
accordion,A musical instrument
blueprint,A technical drawing
carousel,A spinning amusement ride
dolphins,Intelligent marine mammals
elephants,Large mammals with trunks
fisherman,Catches fish for a living
gorillas,Large primates
honeycomb,A bee structure
ice cream,A frozen sweet dessert
javelin,A throwing sport
kangaroo,A marsupial that jumps
lemonade,A sweet citrus drink
marathon,A long-distance race
nightfall,The start of nighttime
octagon,A shape with eight sides
pancakes,A breakfast dish
quilt,A warm blanket
revolver,A type of gun
scissors,Used to cut paper
tortoise,A slow-moving reptile
unicycle,A one-wheeled vehicle
volcanoes,Mountains that erupt
windmill,Uses wind to generate power
xylophone,A musical instrument
yesterday,The day before today
zeppelin,An airship
alligator,A large reptile
buffalo,A large herd animal
chameleon,Changes color
dandelion,A yellow flower
earthquake,Shakes the ground
fireworks,Used in celebrations
goldfish,A small pet fish
hedgehog,A spiky mammal
igloo,A house made of ice
jackfruit,A large tropical fruit
koalafied,Someone who is well-qualified (wordplay)
librarian,Works in a library
mosquitoes,Biting insects
nectarine,A fruit similar to a peach
orangutan,A large primate
pyramid,A structure in Egypt
quicksand,A trap in movies
reindeer,Pulls Santa’s sleigh
seahorse,A tiny sea creature
toucan,A bird with a large beak
umbrella,Worn in rain
vultures,Scavenger birds
watermelon,A large juicy fruit
xenophobia,Fear of strangers
yogurt,A dairy product
zeppelin,An old-style airship
gravity,isaac newton's law on dropping apple
greatest,the best
permanent,stays forever
superb,very good
abundant,a lot of something
tardy,late
delicious,yummy
violent,harmful
word,hint
apple,Fruit that is often red green or yellow
ball,Round object used in games
frog,Amphibian that croaks
lamp,Source of light in a room
cake,Sweet dessert often baked
tree,Large plant with a trunk and leaves
star,Visible object in the sky at night
book,Collection of pages bound together
gold,Precious yellow metal
fish,Water-dwelling animal
piano,Musical instrument with keys
bird,Animal that can fly and has feathers
sand,Small grains that make up beaches
fire,Hot gas produced by burning
moon,Satellite of Earth
rain,Precipitation from clouds
door,Entryway to a building
desk,Furniture for working or studying
coin,Small round metal currency
balloon,Inflatable object used for celebrations
zebra,Black and white striped animal
chess,Strategy board game played on a square grid
cloud,Fluffy mass of water droplets in the sky
juice,Drink made from fruits
blue,Color of the sky on a clear day
sand,Small grains that make up beaches
rose,Flower that is often red or pink
ship,Large boat used for traveling across water
bike,Two-wheeled vehicle powered by pedals
sock,Item worn on the feet
frog,Amphibian that leaps
rain,Water falling from clouds
star,Shiny object in the night sky
gold,Precious yellow metal
glove,Clothing worn on the hand
ship,Large vessel for traveling by sea
hill,Small raised area of land
nose,Body part used for breathing and smelling
cake,Sweet dessert often baked
desk,Furniture used for work or study
scarf,Clothing worn around the neck for warmth
duck,Waterfowl that quacks
hand,Part of the body used for grasping
cat,Small domestic animal often kept as a pet
car,Vehicle for traveling on roads
coin,Small round piece of money
doll,Small figure often used as a child's toy
door,Entryway to a building
king,Monarch ruler of a country
moon,Satellite that orbits the Earth
rain,Water that falls from the sky
rose,Flower with petals that often comes in red or pink
sock,Clothing worn on the feet
welcome,used to greet a guest into their home
positive,word for the a number that is not negative
chocolate,a sweet brown treat made from cocoa beans
penny,... nickel and dime
merry,very happy or ... christmas
coffee,a beverage made of ground beans
